1,Bryana Connelly,https://s3.amazonaws.com/uifaces/faces/twitter/olaolusoga/128.jpg,March 2009,Et soluta ipsa tenetur repudiandae repudiandae id. Architecto dolore est. Ipsum in non inventore aut tempore eius. Ad velit nisi praesentium voluptates ut sit facilis. Eum impedit repellendus facilis et maiores aut eum a.,true,5
2,Bessie Bruen,https://s3.amazonaws.com/uifaces/faces/twitter/lmjabreu/128.jpg,April 2013,At iusto beatae minima omnis et qui delectus mollitia. Non qui recusandae natus quas odit eligendi qui. Omnis perspiciatis dolore animi sint. Iusto ea sunt. Quo est cupiditate soluta dolor sit temporibus quia id.,false,5
3,Loy Bauch,https://s3.amazonaws.com/uifaces/faces/twitter/tom_even/128.jpg,April 2012,Placeat incidunt natus velit corrupti sint. Iste optio ab perferendis enim inventore molestiae magni. Earum distinctio sit nihil eaque tenetur eveniet. Voluptates voluptates nihil sed quaerat sunt nihil aspernatur.,true,5
4,Marcellus Pouros,https://s3.amazonaws.com/uifaces/faces/twitter/devinhalladay/128.jpg,June 2014,Veritatis perspiciatis velit illo et soluta repudiandae rerum aut. Consequatur non rerum et alias quam veniam natus. Velit et eius iusto id iste et. Perferendis sint similique eligendi. Dolores officiis quo error ut quo qui. Qui voluptatum modi natus pariatur magnam.,false,5
5,Ardella Homenick I,https://s3.amazonaws.com/uifaces/faces/twitter/embrcecreations/128.jpg,March 2013,Dicta alias omnis aut atque ipsa laboriosam quam. Culpa deleniti veniam non eaque dolorem recusandae accusantium sed vitae. Et enim nostrum. Laboriosam ipsum perferendis commodi suscipit quisquam repellat. Omnis aut aliquid vel.,true,5
1,Kiara Mueller MD,https://s3.amazonaws.com/uifaces/faces/twitter/chris_frees/128.jpg,January 2013,Officia placeat voluptas quam vel ut. Voluptatem at ut quo dolorem. Delectus sint exercitationem velit quam autem. Nostrum qui repudiandae id. Qui omnis ipsa ipsum.,false,6
2,Jacky Schmidt,https://s3.amazonaws.com/uifaces/faces/twitter/popey/128.jpg,November 2009,In nihil molestiae dolorem. Tenetur maxime fuga deserunt enim dolores iusto tempora sunt laudantium. Soluta qui dolorem. Ipsam eius quia voluptas pariatur quasi maiores. Ipsam modi autem cupiditate aut a delectus. Voluptatem nobis quia sit asperiores id adipisci nemo quia.,true,6
3,Austyn Ziemann,https://s3.amazonaws.com/uifaces/faces/twitter/dgajjar/128.jpg,March 2011,Rerum blanditiis illo soluta ut quibusdam eligendi doloribus iste illum. Soluta autem soluta. Libero quia debitis et error aut voluptatem maiores. Nihil quam eveniet minus provident. Architecto est quasi maiores ducimus optio numquam. Officia dignissimos ut praesentium esse amet numquam nam earum.,true,6
4,Jonas Kirlin,https://s3.amazonaws.com/uifaces/faces/twitter/harry_sistalam/128.jpg,May 2012,Perferendis maxime est corporis eaque incidunt sed alias. Debitis similique doloremque. Officiis suscipit sed exercitationem. Repellat enim ut rem quasi pariatur possimus. At voluptates adipisci alias sit ratione quas optio commodi maiores.,false,6
5,Domenic Goodwin,https://s3.amazonaws.com/uifaces/faces/twitter/maxlinderman/128.jpg,November 2008,Asperiores eos et sed. Et sit et cupiditate fugit quae. Quaerat saepe est sit omnis nemo qui velit similique saepe. Nesciunt natus nihil doloribus est quas ut. Sed illum molestiae.,true,6
1,Larry Quigley,https://s3.amazonaws.com/uifaces/faces/twitter/jonkspr/128.jpg,September 2018,Ex esse velit sed sint veniam amet. Impedit et possimus. Nostrum quia recusandae omnis quasi. Qui itaque rerum modi quae. Pariatur aperiam similique qui asperiores eveniet. Est qui eos quia iusto.,true,7
2,Johnpaul Ward,https://s3.amazonaws.com/uifaces/faces/twitter/moscoz/128.jpg,September 2011,Qui aut quia. Qui amet quo reprehenderit. Exercitationem sunt ipsam voluptas beatae nam porro dolores. Dolorem et animi necessitatibus placeat voluptas. Quae blanditiis molestiae in consequatur eligendi dignissimos.,false,7
3,Judd Lehner,https://s3.amazonaws.com/uifaces/faces/twitter/lu4sh1i/128.jpg,October 2011,Nobis eligendi quis eius. Officiis quibusdam voluptatem ipsam ut ullam sint sunt nam dolores. Cupiditate necessitatibus placeat sit omnis et quod voluptatem. Saepe harum qui non quod vel aut quis quae. Ducimus consequatur non quia. Illo blanditiis veniam nihil nulla ea dignissimos atque error omnis.,false,7
4,Joshua Bartoletti,https://s3.amazonaws.com/uifaces/faces/twitter/suprb/128.jpg,January 2011,Optio aut ut rerum maiores veniam rerum ut doloremque aut. Consequatur alias laudantium. Voluptatem qui sed aliquam alias dicta rerum.,true,7
5,Meagan Macejkovic,https://s3.amazonaws.com/uifaces/faces/twitter/shojberg/128.jpg,January 2016,Esse itaque ipsum non qui. At blanditiis recusandae iste qui. Mollitia aut rem atque ducimus illum voluptatum. Omnis temporibus quaerat sapiente. Quidem fugiat et laborum occaecati quo amet et eos quia. Magnam debitis voluptates.,false,7
1,Ricardo Corwin,https://s3.amazonaws.com/uifaces/faces/twitter/pechkinator/128.jpg,November 2017,Aut enim et facere voluptas nostrum. Omnis deleniti sit exercitationem ratione sapiente explicabo veniam et necessitatibus. Velit ab mollitia inventore culpa. Ut ipsa perferendis numquam. Eligendi earum numquam eius quidem voluptatibus harum cum. Et aliquid quaerat perspiciatis et asperiores doloribus.,false,8
2,Edd Leannon,https://s3.amazonaws.com/uifaces/faces/twitter/gofrasdesign/128.jpg,June 2018,Inventore dolores magni aliquam hic sed. Asperiores exercitationem ut autem. Possimus dolores non in magnam quia natus mollitia. Praesentium deleniti atque maxime explicabo debitis dolorum est.,true,8
3,Miss Alisha Ledner,https://s3.amazonaws.com/uifaces/faces/twitter/geran7/128.jpg,December 2010,Alias consequuntur magni quo numquam rerum totam cum consequatur voluptas. Recusandae nam odit tempora sunt aut vel. Deleniti omnis soluta quas aut veritatis officiis. Corporis sit ut libero. A impedit voluptate aut ut eum ratione.,false,8
4,Clarabelle Torphy,https://s3.amazonaws.com/uifaces/faces/twitter/_williamguerra/128.jpg,March 2017,Reprehenderit dicta porro et consequatur nesciunt consectetur quo. Et illum et. Deleniti veritatis omnis quaerat. Aliquid delectus quos ipsum molestias laborum. Sed a suscipit quo quo voluptatibus quo iusto quis.,true,8
5,Mrs. Tyshawn Rowe,https://s3.amazonaws.com/uifaces/faces/twitter/mahmoudmetwally/128.jpg,April 2018,Vitae voluptatum nulla aut aperiam et pariatur. Dolor adipisci a aliquam sit quisquam vitae. Sunt temporibus a necessitatibus temporibus cumque rerum vel. Porro dolorum praesentium deleniti aut. Facilis nisi eligendi tempora occaecati consequuntur quae beatae magni voluptate.,false,8
1,Erika Hickle,https://s3.amazonaws.com/uifaces/faces/twitter/koridhandy/128.jpg,April 2016,Est voluptatem quasi quia dolor non beatae totam. Consequatur eum impedit distinctio hic et. Ipsum est nihil ut quis veritatis voluptatem. Aspernatur consequuntur numquam. Maxime ipsum sed magnam aut ab consequatur vitae esse eum.,true,9
2,Keagan Kertzmann,https://s3.amazonaws.com/uifaces/faces/twitter/larrybolt/128.jpg,February 2018,Sit veritatis laboriosam cumque harum nihil pariatur qui. Quod tenetur impedit inventore esse. Voluptatem velit voluptas ex corporis magnam. Quam fugiat et dolorem ab magnam hic. Rerum veniam dolor est. Quod et rerum fugit laboriosam rerum ratione et.,true,9
3,Dorris McGlynn,https://s3.amazonaws.com/uifaces/faces/twitter/rickdt/128.jpg,October 2012,Aut fugit doloremque labore fugit a dolore. Sunt omnis qui ea blanditiis sed et aut et. Ratione et sapiente dolores odit unde nesciunt repellendus esse.,true,9
4,Delbert Krajcik I,https://s3.amazonaws.com/uifaces/faces/twitter/denisepires/128.jpg,November 2014,Quia dolor doloremque minus repellat dolor nam velit voluptate iure. Autem facilis aut sapiente eum itaque. Quia officiis impedit ipsum suscipit consequuntur vel. Facere tenetur sed sit. Molestias eos omnis repellendus itaque architecto sequi quia in. Aut dolorem commodi nobis praesentium.,false,9
5,Twila Parker IV,https://s3.amazonaws.com/uifaces/faces/twitter/alevizio/128.jpg,October 2015,Labore sed quasi praesentium error accusamus. Consequuntur dolore tenetur. Omnis distinctio qui consequatur vel rerum quas iure eligendi vero. Tenetur corporis dolorem officia sunt eos ipsa. Numquam dolor asperiores vel rerum quos. Dolores aut fugiat a corrupti quo eum.,false,9
